[
{
  "model": "webapp.category",
  "pk": 1,
  "fields": {
    "name": "Politic"
  }
},
{
  "model": "webapp.category",
  "pk": 2,
  "fields": {
    "name": "Economic"
  }
},
{
  "model": "webapp.category",
  "pk": 3,
  "fields": {
    "name": "Sport"
  }
},
{
  "model": "webapp.category",
  "pk": 4,
  "fields": {
    "name": "Education"
  }
},
{
  "model": "webapp.category",
  "pk": 5,
  "fields": {
    "name": "Travel"
  }
},
{
  "model": "webapp.tag",
  "pk": 1,
  "fields": {
    "name": "World politic",
    "created_at": "2019-10-17T02:38:23.133Z"
  }
},
{
  "model": "webapp.tag",
  "pk": 2,
  "fields": {
    "name": "World Economic",
    "created_at": "2019-10-17T02:38:39.873Z"
  }
},
{
  "model": "webapp.tag",
  "pk": 3,
  "fields": {
    "name": "Middle East",
    "created_at": "2019-10-17T02:38:51.378Z"
  }
},
{
  "model": "webapp.tag",
  "pk": 5,
  "fields": {
    "name": "name",
    "created_at": "2019-10-17T08:27:54.795Z"
  }
},
{
  "model": "webapp.tag",
  "pk": 28,
  "fields": {
    "name": "World",
    "created_at": "2019-10-17T12:56:57.247Z"
  }
},
{
  "model": "webapp.tag",
  "pk": 30,
  "fields": {
    "name": "book2",
    "created_at": "2019-10-17T13:00:46.990Z"
  }
},
{
  "model": "webapp.tag",
  "pk": 31,
  "fields": {
    "name": "world",
    "created_at": "2019-10-17T13:00:47.538Z"
  }
},
{
  "model": "webapp.tag",
  "pk": 33,
  "fields": {
    "name": "World news",
    "created_at": "2019-10-17T13:23:54.667Z"
  }
},
{
  "model": "webapp.tag",
  "pk": 34,
  "fields": {
    "name": "E-money",
    "created_at": "2019-10-17T13:24:43.099Z"
  }
},
{
  "model": "webapp.tag",
  "pk": 35,
  "fields": {
    "name": "Brexit-UK",
    "created_at": "2019-10-17T13:25:27.024Z"
  }
},
{
  "model": "webapp.tag",
  "pk": 36,
  "fields": {
    "name": "War",
    "created_at": "2019-10-17T13:26:05.985Z"
  }
},
{
  "model": "webapp.tag",
  "pk": 37,
  "fields": {
    "name": "Syria",
    "created_at": "2019-10-17T13:26:06.597Z"
  }
},
{
  "model": "webapp.tag",
  "pk": 38,
  "fields": {
    "name": "Russia",
    "created_at": "2019-10-17T13:28:28.424Z"
  }
},
{
  "model": "webapp.tag",
  "pk": 39,
  "fields": {
    "name": "food",
    "created_at": "2019-10-17T13:28:28.945Z"
  }
},
{
  "model": "webapp.tag",
  "pk": 40,
  "fields": {
    "name": "national",
    "created_at": "2019-10-17T13:28:29.425Z"
  }
},
{
  "model": "auth.user",
  "pk": 1,
  "fields": {
    "password": "pbkdf2_sha256$150000$58vR3nllHzq6$uawiUsXkrhsrGWQL7Ao8zcde+wa3RRCeuoNY+evGBIM=",
    "last_login": "2019-10-31T13:52:34Z",
    "is_superuser": true,
    "username": "admin",
    "first_name": "",
    "last_name": "",
    "email": "",
    "is_staff": true,
    "is_active": true,
    "date_joined": "2019-10-15T07:02:32Z",
    "groups": [],
    "user_permissions": []
  }
},
{
  "model": "auth.user",
  "pk": 2,
  "fields": {
    "password": "pbkdf2_sha256$150000$pq2zbxk5dbi1$nMTLzxJzg4x1dZsXxtHtEfJMrSHyS1vIeuLs8DWUQeQ=",
    "last_login": "2019-10-24T14:06:34.888Z",
    "is_superuser": false,
    "username": "user_2",
    "first_name": "",
    "last_name": "",
    "email": "",
    "is_staff": false,
    "is_active": true,
    "date_joined": "2019-10-24T14:06:33.950Z",
    "groups": [],
    "user_permissions": []
  }
},
{
  "model": "auth.user",
  "pk": 3,
  "fields": {
    "password": "pbkdf2_sha256$150000$DAnVQWRpU30R$XE1iGsr98V9cuT4VeJ53j3ITdKzLUJpBkXQrOqoeGi4=",
    "last_login": null,
    "is_superuser": false,
    "username": "Aisl6989",
    "first_name": "",
    "last_name": "",
    "email": "ahhhshh@localhost.com",
    "is_staff": false,
    "is_active": false,
    "date_joined": "2019-10-27T05:11:38.589Z",
    "groups": [],
    "user_permissions": []
  }
},
{
  "model": "auth.user",
  "pk": 4,
  "fields": {
    "password": "pbkdf2_sha256$150000$56sd94OEWPfd$pBomhgfeHMopQflwrG63jeTdf7p/I3ebYGrXmFGE4qc=",
    "last_login": "2019-10-27T13:15:49.135Z",
    "is_superuser": false,
    "username": "user_25",
    "first_name": "",
    "last_name": "",
    "email": "test@test.com",
    "is_staff": false,
    "is_active": true,
    "date_joined": "2019-10-27T13:14:47.382Z",
    "groups": [],
    "user_permissions": []
  }
},
{
  "model": "auth.user",
  "pk": 5,
  "fields": {
    "password": "pbkdf2_sha256$150000$D0ai9ghmpecf$otpRuT7AfI9SGzEDpNt2bLtWcdLYfu9qPvnLOxnI18I=",
    "last_login": null,
    "is_superuser": false,
    "username": "Aisl_1980",
    "first_name": "",
    "last_name": "",
    "email": "aisuluueco2009@yandex.ru",
    "is_staff": false,
    "is_active": false,
    "date_joined": "2019-10-28T14:11:26.376Z",
    "groups": [],
    "user_permissions": []
  }
},
{
  "model": "auth.user",
  "pk": 6,
  "fields": {
    "password": "pbkdf2_sha256$150000$qdVQAcqk2ekp$VPgmZAESZN7VgIkavEacksnsRy/b8QOGr/wD98Rsq4g=",
    "last_login": null,
    "is_superuser": false,
    "username": "User_20",
    "first_name": "",
    "last_name": "",
    "email": "gghdhsgg@gmail.com",
    "is_staff": false,
    "is_active": false,
    "date_joined": "2019-10-28T14:12:47.749Z",
    "groups": [],
    "user_permissions": []
  }
},
{
  "model": "auth.user",
  "pk": 7,
  "fields": {
    "password": "pbkdf2_sha256$150000$3WllMX8sPBTK$8dISJ5tFmlrPjai+B4w64gosVFxyHaVP4AQSxfKGiLU=",
    "last_login": "2019-11-02T03:51:22.253Z",
    "is_superuser": false,
    "username": "Aisuluu_10",
    "first_name": "Aisulu",
    "last_name": "Djusupova",
    "email": "aisuluueco2009@gmail.ru",
    "is_staff": false,
    "is_active": true,
    "date_joined": "2019-10-28T14:28:43.349Z",
    "groups": [],
    "user_permissions": []
  }
},
{
  "model": "auth.user",
  "pk": 8,
  "fields": {
    "password": "pbkdf2_sha256$150000$fHH03ipDUpvn$uTInqr/hYytkLh1x9KrAAA8pbUXZqQlDPDpdC6ZNFc0=",
    "last_login": "2019-10-30T12:02:08.487Z",
    "is_superuser": false,
    "username": "Nadina",
    "first_name": "Nadina",
    "last_name": "Sanjarbek",
    "email": "nadina@gmail.com",
    "is_staff": false,
    "is_active": true,
    "date_joined": "2019-10-30T10:07:43.713Z",
    "groups": [],
    "user_permissions": []
  }
},
{
  "model": "auth.user",
  "pk": 9,
  "fields": {
    "password": "pbkdf2_sha256$150000$lrCb4dKr3zuQ$JyZ2cRGG4H1orRMEQchfOD1cFtoESiwI7g8AyBs/yx0=",
    "last_login": "2019-11-02T09:04:19.354Z",
    "is_superuser": false,
    "username": "aidinboy",
    "first_name": "",
    "last_name": "",
    "email": "aidin@gmail.com",
    "is_staff": false,
    "is_active": true,
    "date_joined": "2019-11-02T09:02:46.633Z",
    "groups": [],
    "user_permissions": []
  }
},
{
  "model": "webapp.comment",
  "pk": 1,
  "fields": {
    "article": 1,
    "text": "\u0417\u0430\u0447\u0435\u043c",
    "author": null,
    "created_at": "2019-10-15T08:33:16.910Z",
    "updated_at": "2019-10-15T08:38:15.104Z"
  }
},
{
  "model": "webapp.comment",
  "pk": 3,
  "fields": {
    "article": 1,
    "text": "hgfdjkoiib 25566\r\nfdseyiknm 2662\r\ntest\r\ntest",
    "author": null,
    "created_at": "2019-10-16T03:24:56.037Z",
    "updated_at": "2019-10-16T03:24:56.037Z"
  }
},
{
  "model": "webapp.comment",
  "pk": 4,
  "fields": {
    "article": 1,
    "text": "\u043d\u0443 \u0447\u0442\u043e \u043e\u043f\u044f\u0442\u044c \u0442\u0430\u043a\u043e\u0435?",
    "author": null,
    "created_at": "2019-10-16T03:31:13.476Z",
    "updated_at": "2019-10-16T03:31:13.476Z"
  }
},
{
  "model": "webapp.comment",
  "pk": 5,
  "fields": {
    "article": 1,
    "text": "\u0423\u0444",
    "author": null,
    "created_at": "2019-10-16T03:31:22.643Z",
    "updated_at": "2019-10-16T03:31:22.643Z"
  }
},
{
  "model": "webapp.comment",
  "pk": 6,
  "fields": {
    "article": 63,
    "text": "hjjhggf",
    "author": null,
    "created_at": "2019-10-21T09:37:46.307Z",
    "updated_at": "2019-10-21T09:37:46.307Z"
  }
},
{
  "model": "webapp.comment",
  "pk": 7,
  "fields": {
    "article": 2,
    "text": "Hello",
    "author": null,
    "created_at": "2019-10-21T09:39:20.749Z",
    "updated_at": "2019-10-21T09:39:20.749Z"
  }
},
{
  "model": "webapp.comment",
  "pk": 8,
  "fields": {
    "article": 64,
    "text": "by",
    "author": null,
    "created_at": "2019-10-21T09:39:47.286Z",
    "updated_at": "2019-10-21T09:39:47.286Z"
  }
},
{
  "model": "webapp.comment",
  "pk": 9,
  "fields": {
    "article": 65,
    "text": "huuyteewsxcvn",
    "author": null,
    "created_at": "2019-10-27T03:05:48.217Z",
    "updated_at": "2019-10-27T03:05:48.217Z"
  }
},
{
  "model": "webapp.article",
  "pk": 1,
  "fields": {
    "title": "Turkey-Syria offensive: US sanctions Turkish ministries",
    "text": "The US has sanctioned two Turkish ministries and three senior government officials in response to the country's military offensive in northern Syria.\r\n\r\nPresident Donald Trump also phoned his Turkish counterpart Recep Tayyip Erdogan to demand an immediate truce, Vice-President Mike Pence said.\r\n\r\nMr Pence said he would travel to the region \"as quickly as possible\".\r\n\r\nSyria's army earlier entered areas in the north-east. This could result in a confrontation with Turkish-led forces.",
    "author": 1,
    "created_at": "2019-10-15T07:17:05.975Z",
    "updated_at": "2019-10-17T13:26:04.938Z",
    "category": 1,
    "tags": [
      3,
      36,
      37
    ]
  }
},
{
  "model": "webapp.article",
  "pk": 2,
  "fields": {
    "title": "Brexit deal 'still possible, but more difficult' - Barnier",
    "text": "The EU's chief negotiator has said a Brexit deal could still be struck this week despite it becoming \"more difficult\" to reach an agreement.\r\n\r\nMichel Barnier said it was \"time to turn good intentions into legal text\". He has previously said \"big gaps\" remained between the UK and EU.\r\n\r\nHe will update EU ministers on Brexit talks at a meeting in Luxembourg later.\r\n\r\nDiscussions between EU and UK officials aimed at reaching a Brexit deal have intensified in recent days.\r\n\r\nHopes of a deal being agreed before the 31 October Brexit deadline were boosted after a meeting between Boris Johnson and his Irish counterpart last week.\r\n\r\nSpeaking in Luxembourg on Tuesday morning, Mr Barnier said: \"An agreement will be more and more difficult but it is still possible this week.\"\r\n\r\n\"Reaching an agreement is still possible but obviously any agreement must work for everyone - for all of the UK and the whole of the EU,\" he added. \"It is high time to turn good intentions into legal text.\"",
    "author": 1,
    "created_at": "2019-10-15T07:19:41.234Z",
    "updated_at": "2019-10-17T13:25:26.294Z",
    "category": 1,
    "tags": [
      35
    ]
  }
},
{
  "model": "webapp.article",
  "pk": 3,
  "fields": {
    "title": "Typhoon Hagibis: Satellites show Japan rivers in flood",
    "text": "The biggest typhoon to hit Japan in decades has left a trail of destruction in its wake. More than 40 people died as a result of Typhoon Hagibis and hundreds have been rescued after being stranded by flooded rivers and landslides.\r\n\r\nSatellite images show how the river Naka in Hinuma burst its banks, flooding nearby homes.",
    "author": 1,
    "created_at": "2019-10-15T07:21:02.890Z",
    "updated_at": "2019-10-17T12:56:56.621Z",
    "category": 1,
    "tags": []
  }
},
{
  "model": "webapp.article",
  "pk": 4,
  "fields": {
    "title": "Facebook puts on brave face with Libra",
    "text": "After five major payments providers pulled out last week, Facebook\u2019s Libra currency project looked to be on the rocks.\r\n\r\nBut the remaining members have insisted it\u2019s full steam ahead.\r\n\r\nThe 21 founding companies in the Libra Association - down from 28 when the project was first announced - met for the first time in Geneva on Monday.\r\n\r\nA spokesman told the BBC he believed the currency was still on track to launch next year.\r\n\r\nBut, he added, it would only do so if suitable regulatory approval had been granted.\r\n\r\nIt comes after a stern warning from the G7 group of nations that Libra risked disrupting the global financial order.\r\n\r\nThat concern followed a letter to payments providers from US senators Brian Schatz and Sherrod Brown, sent on 8 October, that threatened \u201ca high level of scrutiny from regulators not only on Libra-related payment activities, but on all payment activities\u201d.\r\n\r\nLibra Association spokesman Dante Disparte criticised the senators, telling the BBC the letter \u201cstifles private market innovation\u201d.\r\n\r\n\u201cAt some level it confounds the regulatory process and the law-making process of free market economies,\u201d Mr Disparte said in a phone call on Monday.\r\n\r\nThe interference created a \u201cproblematic precedent for the state of private sector innovation\u201d, he added.",
    "author": 1,
    "created_at": "2019-10-15T07:22:04.756Z",
    "updated_at": "2019-10-17T13:24:42.213Z",
    "category": 2,
    "tags": [
      34
    ]
  }
},
{
  "model": "webapp.article",
  "pk": 5,
  "fields": {
    "title": "Barack Obama on travels.",
    "text": "The former US president describes his most memorable travel experience, finding his place in the world on an overnight bus trip and the importance of listening.\r\nThis month at the World Travel & Tourism Council global summit in Seville, Spain, BBC Travel was fortunate enough to attend a Q&A with former US president Barack Obama. In his wide-ranging remarks, the author and Nobel Peace Prize recipient talked to Hilton CEO Chris Nassetta about how travelling helps each of us discover our place in the world and the importance of celebrating each culture\u2019s rich differences.\r\n\r\nObama\u2019s remarks were an eloquent reminder that travel forges connections, inspires transformation and builds empathy.",
    "author": 1,
    "created_at": "2019-10-15T07:24:45.443Z",
    "updated_at": "2019-10-17T13:23:53.934Z",
    "category": 5,
    "tags": [
      33
    ]
  }
},
{
  "model": "webapp.article",
  "pk": 22,
  "fields": {
    "title": "Education",
    "text": "A British team is developing a car that will be capable of reaching 1,000mph (1,610km/h). Powered by a rocket bolted to a Eurofighter-Typhoon jet engine, the vehicle aims to show its potential by going progressively faster, year after year. By the end of 2019, Bloodhound wants to have demonstrated speeds above 500mph. The next step would be to break the existing world land speed record (763mph; 1,228km/h). The racing will take place on Hakskeen Pan in Northern Cape, South Africa.\r\n\r\nWe're off! By the time you read this, Bloodhound will already have started the 5,500-mile journey south to its Hakskeenpan desert track in South Africa.\r\n\r\nThe majority of the team will arrive in mid-October, aiming to start high-speed testing towards the end of the month.\r\n\r\nThere's been a huge amount of work over the past few weeks to get the car ready.",
    "author": 1,
    "created_at": "2019-10-17T12:01:45.084Z",
    "updated_at": "2019-10-17T13:23:11.835Z",
    "category": 3,
    "tags": [
      30,
      31
    ]
  }
},
{
  "model": "webapp.article",
  "pk": 23,
  "fields": {
    "title": "To the average person, Russians broadcasting about borsch may seem obvious and innocuous, but not so for Ukrainians, who consider the soup to be their national dish.",
    "text": "Soup should never be your go-to weapon in a food fight. As projectiles go, a bowl of chunky liquid proves messy and lacks precision. Fist-size bread rolls are more effective \u2013 or, say, chocolate pudding catapulted from a spoon. In Russia though, the latest food fight is all about soup, and it\u2019s being hurled from the walls of the Kremlin via Twitter.\r\n\r\nThe soup war boiled over into social media this year, when @Russia (the official Twitter account for the Russian Federation\u2019s Ministry of Foreign Affairs) tweeted: \u201cA timeless classic, #Borsch is one of Russia\u2019s most famous & beloved #dishes & a symbol of traditional cuisine\u201d.\r\n\r\nTo the average Twitter skimmer, Russians broadcasting about borsch may seem obvious and innocuous, but for Ukrainians, who consider borsch to be their national dish, the Russian tweet is wartime propaganda, especially considering the current occupation of Crimea and the latest territorial conflict in eastern Ukraine that\u2019s been raging since 2014. The Ukrainian Twittersphere responded with anger and humour, with comments like \u201cAs if stealing Crimea wasn\u2019t enough, you had to go and steal borsch from Ukraine as well\u201d.",
    "author": 1,
    "created_at": "2019-10-17T13:28:27.837Z",
    "updated_at": "2019-10-17T13:28:27.837Z",
    "category": 5,
    "tags": [
      38,
      39,
      40
    ]
  }
},
{
  "model": "webapp.article",
  "pk": 59,
  "fields": {
    "title": "Title",
    "text": "Me",
    "author": 1,
    "created_at": "2019-10-21T04:12:59.688Z",
    "updated_at": "2019-10-21T04:12:59.688Z",
    "category": 5,
    "tags": []
  }
},
{
  "model": "webapp.article",
  "pk": 60,
  "fields": {
    "title": "Title2",
    "text": "You",
    "author": 1,
    "created_at": "2019-10-21T04:13:22.941Z",
    "updated_at": "2019-10-21T04:13:22.941Z",
    "category": 5,
    "tags": []
  }
},
{
  "model": "webapp.article",
  "pk": 61,
  "fields": {
    "title": "Title3",
    "text": "We",
    "author": 1,
    "created_at": "2019-10-21T04:13:44.532Z",
    "updated_at": "2019-10-21T04:13:44.532Z",
    "category": 5,
    "tags": []
  }
},
{
  "model": "webapp.article",
  "pk": 62,
  "fields": {
    "title": "Title4",
    "text": "You",
    "author": 1,
    "created_at": "2019-10-21T04:14:07.281Z",
    "updated_at": "2019-10-21T04:14:07.281Z",
    "category": 4,
    "tags": []
  }
},
{
  "model": "webapp.article",
  "pk": 63,
  "fields": {
    "title": "Title5",
    "text": "He",
    "author": 1,
    "created_at": "2019-10-21T04:15:21.763Z",
    "updated_at": "2019-10-21T04:15:21.763Z",
    "category": 5,
    "tags": []
  }
},
{
  "model": "webapp.article",
  "pk": 64,
  "fields": {
    "title": "Title6",
    "text": "She",
    "author": 1,
    "created_at": "2019-10-21T04:15:42.144Z",
    "updated_at": "2019-10-21T04:15:42.144Z",
    "category": 5,
    "tags": []
  }
},
{
  "model": "webapp.article",
  "pk": 65,
  "fields": {
    "title": "Test",
    "text": "test",
    "author": 1,
    "created_at": "2019-10-27T03:05:33.533Z",
    "updated_at": "2019-10-27T03:05:33.533Z",
    "category": 4,
    "tags": []
  }
},
{
  "model": "webapp.article",
  "pk": 66,
  "fields": {
    "title": "Test88",
    "text": "gfddddff",
    "author": 1,
    "created_at": "2019-10-27T19:32:49.056Z",
    "updated_at": "2019-10-27T19:32:49.056Z",
    "category": 2,
    "tags": [
      28
    ]
  }
}
]
